{"name":"b7a77ec1-8ff2-4727-9d38-1b4d43f8e36a","id":"/providers/Microsoft.Flow/flows/b7a77ec1-8ff2-4727-9d38-1b4d43f8e36a","type":"Microsoft.Flow/flows","properties":{"apiId":"/providers/Microsoft.PowerApps/apis/shared_logicflows","displayName":"Employee Onboard Flow","definition":{"metadata":{"workflowEntityId":null,"processAdvisorMetadata":null,"flowChargedByPaygo":null,"flowclientsuspensionreason":"None","flowclientsuspensiontime":null,"flowclientsuspensionreasondetails":null,"creator":{"id":"2e3c389b-3a5d-4967-b967-7876fb090ced","type":"User","tenantId":"84c31ca0-ac3b-4eae-ad11-519d80233e6f"},"provisioningMethod":"FromDefinition","failureAlertSubscription":true,"clientLastModifiedTime":"2025-04-22T10:58:48.6713151Z","connectionKeySavedTimeKey":"2025-04-22T10:58:48.6713151Z","creationSource":"Portal","modifiedSources":"Portal"},"$schema":"https://schema.management.azure.com/providers/Microsoft.Logic/schemas/2016-06-01/workflowdefinition.json#","contentVersion":"1.0.0.0","parameters":{"$authentication":{"defaultValue":{},"type":"SecureObject"},"$connections":{"defaultValue":{},"type":"Object"}},"triggers":{"When_a_new_response_is_submitted":{"splitOn":"@triggerOutputs()?['body/value']","type":"OpenApiConnectionWebhook","inputs":{"parameters":{"form_id":"oBzDhDusrk6tEVGdgCM-b5s4PC5dOmdJuWd4dvsJDO1UNFFYQVNZOVNLRTBCUkZXSVJRMlM1UkRIMS4u"},"host":{"apiId":"/providers/Microsoft.PowerApps/apis/shared_microsoftforms","connectionName":"shared_microsoftforms","operationId":"CreateFormWebhook"},"authentication":"@parameters('$authentication')"}}},"actions":{"Generate_Secure_Password":{"runAfter":{"Get_response_details":["Succeeded"]},"type":"Http","inputs":{"uri":"https://onboard-passwordgen.azurewebsites.net/api/passgenerate?code=Gw87vjW0wR3DbIspxJADKyreh8MHRyRY2du33B7SKL3lAzFuyLTX_A%3D%3D","method":"POST","headers":{"Content-Type":"application/json"},"body":{"user":"Nandan"}},"runtimeConfiguration":{"contentTransfer":{"transferMode":"Chunked"}}},"Parse_JSON":{"runAfter":{"Set_Mail_Nickname":["Succeeded"],"Get_response_details":["Succeeded"],"Generate_Secure_Password":["Succeeded"]},"type":"ParseJson","inputs":{"content":"@body('Generate_Secure_Password')","schema":{"type":"object","properties":{"password":{"type":"string"}},"required":["password"]}}},"Create_user":{"runAfter":{"Get_Manager_Details":["Succeeded"]},"type":"OpenApiConnection","inputs":{"parameters":{"body/accountEnabled":true,"body/displayName":"@outputs('Get_response_details')?['body/r7c6dd6764a7747b887c836502d638560']","body/mailNickname":"@variables('Mail Nick Name')","body/passwordProfile/password":"@body('Parse_JSON')['password']","body/userPrincipalName":"@outputs('Get_response_details')?['body/r51339ad5f9914576afb6926aaa5de284']"},"host":{"apiId":"/providers/Microsoft.PowerApps/apis/shared_azuread","connectionName":"shared_azuread-3","operationId":"CreateUser"},"authentication":"@parameters('$authentication')"}},"Get_response_details":{"runAfter":{},"type":"OpenApiConnection","inputs":{"parameters":{"form_id":"oBzDhDusrk6tEVGdgCM-b5s4PC5dOmdJuWd4dvsJDO1UNFFYQVNZOVNLRTBCUkZXSVJRMlM1UkRIMS4u","response_id":"@triggerOutputs()?['body/resourceData/responseId']"},"host":{"apiId":"/providers/Microsoft.PowerApps/apis/shared_microsoftforms","connectionName":"shared_microsoftforms","operationId":"GetFormResponseById"},"authentication":"@parameters('$authentication')"}},"Set_Mail_Nickname":{"runAfter":{"Get_response_details":["Succeeded"]},"type":"InitializeVariable","inputs":{"variables":[{"name":"Mail Nick Name","type":"string","value":"@split(outputs('Get_response_details')?['body/r51339ad5f9914576afb6926aaa5de284'], '@')[0]"}]}},"Distribution_Groups":{"runAfter":{"Parse_JSON":["Succeeded"]},"type":"InitializeVariable","inputs":{"variables":[{"name":"Distribution Groups","type":"array"}]}},"Get_Manager_Details":{"runAfter":{"Distribution_Groups":["Succeeded"]},"type":"OpenApiConnection","inputs":{"parameters":{"id":"@outputs('Get_response_details')?['body/r4d67e5c53bdc437985e6ec58e6c4ef5d']"},"host":{"apiId":"/providers/Microsoft.PowerApps/apis/shared_azuread","connectionName":"shared_azuread-3","operationId":"GetUser"},"authentication":"@parameters('$authentication')"}},"Assign_manager":{"runAfter":{"Create_user":["Succeeded"]},"type":"OpenApiConnection","inputs":{"parameters":{"body/@odata.id":"@outputs('Get_Manager_Details')?['body/id']","id":"@outputs('Create_user')?['body/id']"},"host":{"apiId":"/providers/Microsoft.PowerApps/apis/shared_azuread","connectionName":"shared_azuread-3","operationId":"AssignManager"},"authentication":"@parameters('$authentication')"}},"Assign_License":{"runAfter":{"Create_user":["Succeeded"]},"type":"OpenApiConnection","inputs":{"parameters":{"body/@odata.id":"@outputs('Create_user')?['body/id']","id":"e957e299-512e-4bdc-b503-119f706eb6b8"},"host":{"apiId":"/providers/Microsoft.PowerApps/apis/shared_azuread","connectionName":"shared_azuread-3","operationId":"AddUserToGroup"},"authentication":"@parameters('$authentication')"}},"Send_an_email_to_Manager_HR":{"runAfter":{"Create_user":["Succeeded"]},"type":"OpenApiConnection","inputs":{"parameters":{"emailMessage/MailboxAddress":"Nandan.Vallamdasu@studentambassadors.com","emailMessage/To":"@outputs('Get_Manager_Details')?['body/mail']","emailMessage/Subject":"You have been assigned as the manager for a new user","emailMessage/Body":"<p class=\"editor-paragraph\">Hi @{outputs('Get_Manager_Details')?['body/displayName']},</p><br><p class=\"editor-paragraph\">The new user, @{outputs('Create_user')?['body/displayName']}, has been successfully added to our organisation's directory. You have been assigned as the manager to the user.</p><br><p class=\"editor-paragraph\">Please find the user's credentials below.</p><br><p class=\"editor-paragraph\">UserName: @{outputs('Create_user')?['body/userPrincipalName']}</p><p class=\"editor-paragraph\">Password: @{body('Generate_Secure_Password')}</p><br><p class=\"editor-paragraph\">You can share the credentials to the user and guide them for further procedures.</p><br><p class=\"editor-paragraph\">Regards,</p><p class=\"editor-paragraph\">IT</p>","emailMessage/Importance":"Normal"},"host":{"apiId":"/providers/Microsoft.PowerApps/apis/shared_office365","connectionName":"shared_office365","operationId":"SharedMailboxSendEmailV2"},"authentication":"@parameters('$authentication')"}},"Delay":{"runAfter":{"Assign_License":["Succeeded"],"Assign_manager":["Succeeded"],"Send_an_email_to_Manager_HR":["Succeeded"]},"type":"Wait","inputs":{"interval":{"count":30,"unit":"Second"}}},"Update_user":{"runAfter":{"Delay":["Succeeded"]},"type":"OpenApiConnection","inputs":{"parameters":{"id":"@outputs('Create_user')?['body/id']","body/jobTitle":"@outputs('Get_response_details')?['body/r673566f4698f4e20b8d95674fc1db74e']","body/department":"@outputs('Get_response_details')?['body/raa868cc0841d4b43812f66d68d2207a5']","body/mobilePhone":"@outputs('Get_response_details')?['body/rd11b14527e6148ba820ff8a19ede9c73']","body/customProperties":{"employeeHireDate":"@{outputs('Get_response_details')?['body/ra1320e8993144b069e72df7b1a4ca8a9']}"}},"host":{"apiId":"/providers/Microsoft.PowerApps/apis/shared_azuread","connectionName":"shared_azuread-3","operationId":"UpdateUser"},"authentication":"@parameters('$authentication')"}},"Get_groups_of_a_Mirrored_User":{"runAfter":{"Update_user":["Succeeded"]},"type":"OpenApiConnection","inputs":{"parameters":{"id":"@outputs('Get_response_details')?['body/r160d861882b943a1b293f82194700357']","body/securityEnabledOnly":false},"host":{"apiId":"/providers/Microsoft.PowerApps/apis/shared_azuread","connectionName":"shared_azuread-3","operationId":"GetMemberGroupsV2"},"authentication":"@parameters('$authentication')"}},"Create_file":{"runAfter":{"Get_response_details":["Succeeded"]},"type":"OpenApiConnection","inputs":{"parameters":{"dataset":"https://stdntpartners.sharepoint.com/sites/TestPowerAutomate","folderPath":"/Resumes and Onboarding Docs","name":"@{outputs('Get_response_details')?['body/r7c6dd6764a7747b887c836502d638560']} Resume","body":"@outputs('Get_response_details')?['body/rbad0d9c28db84e399877ef06b86a319f']"},"host":{"apiId":"/providers/Microsoft.PowerApps/apis/shared_sharepointonline","connectionName":"shared_sharepointonline","operationId":"CreateFile"},"authentication":"@parameters('$authentication')"},"runtimeConfiguration":{"contentTransfer":{"transferMode":"Chunked"}}},"Did_any_groups_return":{"actions":{"Loop_through_groups":{"foreach":"@outputs('Get_groups_of_a_Mirrored_User')?['body/value']","actions":{"Get_group":{"type":"OpenApiConnection","inputs":{"parameters":{"id":"@items('Loop_through_groups')"},"host":{"apiId":"/providers/Microsoft.PowerApps/apis/shared_azuread","connectionName":"shared_azuread-3","operationId":"GetGroup"},"authentication":"@parameters('$authentication')"}},"Check_for_Dynamic_group":{"actions":{},"runAfter":{"Get_group":["Succeeded"]},"else":{"actions":{"Check_for_Distribution_group":{"actions":{"Append_to_array_variable":{"type":"AppendToArrayVariable","inputs":{"name":"Distribution Groups","value":"@outputs('Get_group')?['body/displayName']"}}},"else":{"actions":{"Get_group_members":{"type":"OpenApiConnection","inputs":{"parameters":{"id":"@items('Loop_through_groups')"},"host":{"apiId":"/providers/Microsoft.PowerApps/apis/shared_azuread","connectionName":"shared_azuread-3","operationId":"GetGroupMembers"},"authentication":"@parameters('$authentication')"}},"Filter_array":{"runAfter":{"Get_group_members":["Succeeded"]},"type":"Query","inputs":{"from":"@outputs('Get_group_members')?['body/value']","where":"@equals(item()?['userPrincipalName'],outputs('Create_user')?['body/userPrincipalName'])"}},"See_if_user_not_in_group":{"actions":{"Add_user_to_group":{"type":"OpenApiConnection","inputs":{"parameters":{"body/@odata.id":"@outputs('Create_user')?['body/id']","id":"@items('Loop_through_groups')"},"host":{"apiId":"/providers/Microsoft.PowerApps/apis/shared_azuread","connectionName":"shared_azuread","operationId":"AddUserToGroup"},"authentication":"@parameters('$authentication')"}}},"runAfter":{"Filter_array":["Succeeded"]},"else":{"actions":{}},"expression":{"and":[{"equals":["@length(body('Filter_array'))",0]}]},"type":"If"}}},"expression":{"and":[{"contains":["@outputs('Get_group')?['body/groupTypes']",0]},{"equals":["@outputs('Get_group')?['body/securityEnabled']",false]}]},"type":"If"}}},"expression":{"and":[{"contains":["@outputs('Get_group')?['body/groupTypes']","DynamicMembership"]}]},"type":"If"}},"type":"Foreach"}},"runAfter":{"Get_groups_of_a_Mirrored_User":["Succeeded"]},"else":{"actions":{}},"expression":{"and":[{"greater":["@length(outputs('Get_groups_of_a_Mirrored_User')?['body/value'])",0]}]},"type":"If"},"Create_a_Ticket":{"runAfter":{"Did_any_groups_return":["Succeeded"]},"type":"OpenApiConnection","inputs":{"parameters":{"emailMessage/To":"Nandan.Vallamdasu@studentambassadors.com","emailMessage/Subject":"New User Creation-Test - @{outputs('Create_user')?['body/displayName']}","emailMessage/Body":"<p class=\"editor-paragraph\">Hello,<br><br><br>A new user onboarding form has been submitted. The user has been created in Microsoft 365 with the following details:<br><br><br>@{outputs('Create_user')?['body/displayName']}</p><p class=\"editor-paragraph\">@{outputs('Create_user')?['body/jobTitle']}</p><p class=\"editor-paragraph\">@{outputs('Create_user')?['body/userPrincipalName']}</p><p class=\"editor-paragraph\">@{outputs('Create_user')?['body/officeLocation']}</p>","emailMessage/Importance":"Normal"},"host":{"apiId":"/providers/Microsoft.PowerApps/apis/shared_office365","connectionName":"shared_office365","operationId":"SendEmailV2"},"authentication":"@parameters('$authentication')"}},"Delay_Until":{"runAfter":{"Create_a_Ticket":["Succeeded"]},"type":"Wait","inputs":{"until":{"timestamp":"@convertToUtc(outputs('Get_response_details')?['body/ra1320e8993144b069e72df7b1a4ca8a9'], 'India Standard Time')"}}},"Welcome_Email":{"runAfter":{"Delay_Until":["Succeeded"]},"type":"OpenApiConnection","inputs":{"parameters":{"emailMessage/To":" Employeeonboardtest@nandanvallamdasuoutlook.onmicrosoft.com;nandan.vallamdasu@outlook.com","emailMessage/Subject":"Welcome to Test","emailMessage/Body":"\n\n\n    <style>\n        body {\n            font-family: Arial, sans-serif;\n            line-height: 1.6;\n            color: #333;\n        }\n        .container {\n            background-color: #f9f9f9;\n            padding: 20px;\n            border-radius: 8px;\n        }\n        .header {\n            font-size: 20px;\n            font-weight: bold;\n            color: #0078D4;\n            margin-bottom: 20px;\n        }\n        .content {\n            margin-bottom: 20px;\n        }\n        .footer {\n            font-size: 12px;\n            color: #777;\n        }\n        .cta-button {\n            display: inline-block;\n            background-color: #0078D4;\n            color: #ffffff;\n            padding: 10px 20px;\n            text-decoration: none;\n            border-radius: 5px;\n            margin-top: 20px;\n        }\n    </style>\n\n\n    <div class=\"container\">\n        <div class=\"header\">\n            Multi-Factor Authentication Setup\n        </div>\n        <div class=\"content\">\n            <p>Hi <strong>@{outputs('Create_user')?['body/displayName']}</strong>,</p>\n            <p>You are required to set up <strong>Multi-Factor Authentication (MFA)</strong> for enhanced security. Please follow the link below to complete the setup process:</p>\n            <p><a class=\"cta-button\" href=\"https://aka.ms/MFASetup\">Complete MFA Setup</a></p>\n            <p>After clicking the link, you will be guided to scan a <strong>QR code</strong> using the <strong>Microsoft Authenticator app</strong>. This will complete the setup of your multi-factor authentication.</p>\n            <p>If you need any assistance, feel free to contact our support team.</p>\n            <p>Best regards,\n[Your IT Team]</p>\n        </div>\n        <div class=\"footer\">\n            <p><strong>[Your Company Name]</strong> | IT Department\n\n            <strong>Support:</strong> <a href=\"mailto:support@yourcompany.com\">support@yourcompany.com</a>\n\n            <strong>Phone:</strong> (123) 456-7890</p>\n        </div>\n    </div>\n\n\n","emailMessage/From":"Employeeonboardtest@nandanvallamdasuoutlook.onmicrosoft.com","emailMessage/Importance":"Normal"},"host":{"apiId":"/providers/Microsoft.PowerApps/apis/shared_office365","connectionName":"shared_office365","operationId":"SendEmailV2"},"authentication":"@parameters('$authentication')"}}},"outputs":{}},"connectionReferences":{"shared_microsoftforms":{"connectionName":"shared-microsoftform-994769cf-8bc9-4a73-8146-7ef8e758089d","source":"Embedded","id":"/providers/Microsoft.PowerApps/apis/shared_microsoftforms","tier":"NotSpecified","apiName":"microsoftforms"},"shared_azuread-3":{"connectionName":"shared-azuread-b84757c3-31df-43c8-aee1-891dbe411d58","source":"Embedded","id":"/providers/Microsoft.PowerApps/apis/shared_azuread","tier":"NotSpecified","apiName":"azuread"},"shared_office365":{"connectionName":"shared-office365-5cee5a80-4c0b-49a1-b31b-345439b40e0f","source":"Embedded","id":"/providers/Microsoft.PowerApps/apis/shared_office365","tier":"NotSpecified","apiName":"office365"},"shared_sharepointonline":{"connectionName":"shared-sharepointonl-ca92cc04-3638-4950-b7e0-9a863f49c7c4","source":"Embedded","id":"/providers/Microsoft.PowerApps/apis/shared_sharepointonline","tier":"NotSpecified","apiName":"sharepointonline"},"shared_azuread":{"connectionName":"shared-azuread-82c2993e-3dcb-4933-be20-4297b9977487","source":"Embedded","id":"/providers/Microsoft.PowerApps/apis/shared_azuread","tier":"NotSpecified","apiName":"azuread"}},"flowFailureAlertSubscribed":false,"isManaged":false}}